<?xml version="1.0" encoding="UTF-8"?>
<c3p0-config>
  <default-config>
	<property name="driverClass">com.mysql.jdbc.Driver</property>
	<property name="jdbcUrl">jdbc:mysql://localhost:3306/bookstore</property>
	<property name="user">root</property>
	<property name="password">123456</property>
    <property name="initialPoolSize">10</property>
    <property name="maxIdleTime">30</property>
    <property name="maxPoolSize">100</property>
    <property name="minPoolSize">10</property>
  </default-config>
</c3p0-config>